step,train_loss,val_loss,milliseconds_per_step,elapsed_seconds,eta_seconds
0,4.148386001586914,4.147894859313965,291.3787620018411,3.349540033002995,33492.05078999695
1000,2.1445693969726562,2.1473326683044434,46.383476549999614,52.60175404000256,472.89029431167137
2000,1.9649995565414429,1.956697940826416,46.34942665699782,101.82467139500295,407.04425111875497
3000,1.8468595743179321,1.872330904006958,46.14306349799881,150.93933863100028,352.0241356475745
4000,1.7826420068740845,1.7801803350448608,46.13678171200081,199.90880902100253,299.73830175381005
5000,1.7204794883728027,1.7314602136611938,46.53361042300094,249.33985173800102,249.24013574050534
6000,1.692855954170227,1.69976007938385,46.47136560199942,298.6298639370034,199.00363704117257
7000,1.6542408466339111,1.6675084829330444,46.171480911998515,347.6581746890006,148.9254200674636
8000,1.6221951246261597,1.6385873556137085,46.16990621900186,396.6805872980003,99.10817322943416
9000,1.6015957593917847,1.612170934677124,46.40754492999986,445.8980849510008,49.48918863082433
9999,1.580477237701416,1.5824142694473267,46.431664911913366,495.12594551000075,0.0
